 ,HeavisideRegression(RMSE),HeavisideRegression(time)
WineQuality,7.515839e-01 (0.000000e+00),1.380560e+00 (2.054584e-02)
Housing,1.092671e+01 (0.000000e+00),1.214737e-01 (3.788114e-03)
