 ,GP_RBF(RMSE),GP_RBF(time),SVIGP_RBF(RMSE),SVIGP_RBF(time),SparseGP_RBF(RMSE),SparseGP_RBF(time),TPRegression(RMSE),TPRegression(time)
WineQuality,6.626574e-01 (0.000000e+00),2.132053e+01 (3.179729e-01),6.539938e-01 (1.381388e-02),5.436759e+01 (8.150523e-01),6.648866e-01 (1.556927e-07),1.468494e+00 (1.754736e-01),6.621096e-01 (0.000000e+00),2.217775e+01 (1.580607e-01)
Housing,6.954915e+00 (0.000000e+00),4.123278e+00 (9.589100e-02),6.624070e+00 (3.757691e-03),3.327686e+01 (3.856957e-02),6.785830e+00 (1.137337e-02),1.247987e+01 (8.868575e-02),7.472742e+00 (0.000000e+00),4.700921e+00 (2.308297e-01)
